expected_return,volatility,sharpe_ratio,variance
1.4120248380241756,0.634996709748061,2.223672684200845,0.40322082139086324
