expected_return,volatility,sharpe_ratio,variance
0.7577359478580123,0.3442459919984518,2.201146753979986,0.11850530300699813
