expected_return,volatility,sharpe_ratio,variance
1.412024838023484,0.6349967097478267,2.2236726842005763,0.4032208213905657
