expected_return,volatility,sharpe_ratio,variance
0.6592585619251927,0.3219385388383658,2.0477777041045204,0.10364442278938196
