expected_return,volatility,sharpe_ratio,variance
0.6901634184914508,0.3173920492908012,2.174482379232848,0.1007377129530144
