expected_return,volatility,sharpe_ratio,variance
0.6889611526742132,0.3167819539606114,2.1748750017492426,0.1003508063551029
