expected_return,volatility,sharpe_ratio,variance
0.5588250536657915,0.34668633780573116,1.6119038817703113,0.12019141682114955
