expected_return,volatility,sharpe_ratio,variance
0.6959698564331936,0.31904087823587635,2.1814441468489267,0.10178708198551928
