expected_return,volatility,sharpe_ratio,variance
0.7144487775597084,0.32693222876002304,2.185311556066052,0.10688468220199604
