expected_return,volatility,sharpe_ratio,variance
0.7577974115310802,0.34454066106007486,2.199442612083887,0.11870826712371338
