expected_return,volatility,sharpe_ratio,variance
0.7585427946742568,0.3448475474076853,2.1996467725417608,0.11891983095309577
