expected_return,volatility,sharpe_ratio,variance
0.728316395212368,0.3409496007717711,2.1361409239481617,0.11624663026643009
