expected_return,volatility,sharpe_ratio,variance
0.6599495975652874,0.31211168289552293,2.114466179038228,0.09741370259987547
