expected_return,volatility,sharpe_ratio,variance
0.7191515138305717,0.33523012882170805,2.1452472555444206,0.11237923926981896
