expected_return,volatility,sharpe_ratio,variance
0.7150644971269031,0.33358292961944613,2.1435883962727167,0.11127757093349235
