expected_return,volatility,sharpe_ratio,variance
0.759407815394743,0.3502751201511426,2.168032417109902,0.12269265979689736
