expected_return,volatility,sharpe_ratio,variance
0.6592573367969283,0.32193813635352964,2.0477764587447904,0.10364416363878383
