expected_return,volatility,sharpe_ratio,variance
0.7595008776933554,0.35034792995488423,2.1678474817623714,0.12274367202367248
