expected_return,volatility,sharpe_ratio,variance
0.6969572663203726,0.32711030558961585,2.1306490636670956,0.10700115202293187
