expected_return,volatility,sharpe_ratio,variance
0.7588543785257297,0.3448570540119571,2.200489651284379,0.11892638770180591
