expected_return,volatility,sharpe_ratio,variance
0.6598882175278908,0.31194486221609835,2.1154001795059423,0.0973095970630206
