expected_return,volatility,sharpe_ratio,variance
0.7358708453724291,0.33476247614225885,2.1981879625592127,0.11206591543289643
