expected_return,volatility,sharpe_ratio,variance
0.6853085045288768,0.3273951145500217,2.0932154270865597,0.10718756103122183
