expected_return,volatility,sharpe_ratio,variance
0.7357922666892215,0.3346459662462931,2.1987184693799424,0.11198792272491516
