expected_return,volatility,sharpe_ratio,variance
0.583149264262642,0.3373409806176505,1.7286641640601499,0.11379893720407806
