expected_return,volatility,sharpe_ratio,variance
0.7601176297113232,0.3505201399376201,2.168541955525285,0.12286436850188877
