expected_return,volatility,sharpe_ratio,variance
0.6589109739074697,0.31163612283841285,2.1143600681013575,0.09711707305775835
