expected_return,volatility,sharpe_ratio,variance
0.6592572388044703,0.3219381098384968,2.047776323018088,0.10364414656638402
