expected_return,volatility,sharpe_ratio,variance
0.7614083806427262,0.3457263327020075,2.2023441914070467,0.11952669712357916
