expected_return,volatility,sharpe_ratio,variance
0.12757090036912874,0.14989049998788365,0.8510939677927614,0.02246716198661775
