expected_return,volatility,sharpe_ratio,variance
0.1051720522268714,0.17806412665412857,0.5906414402669516,0.031706833201097545
