Metric,Quantum,Classical,Difference
Expected_Return,,0.1051720522268714,
Volatility,,0.17806412665412857,
Sharpe_Ratio,0.0,0.5906414402669516,-0.5906414402669516
