expected_return,volatility,sharpe_ratio,variance
0.3972621140899962,0.309734973094433,1.2825872071245814,0.09593575355780913
