expected_return,volatility,sharpe_ratio,variance
0.7361012910900324,0.3348184370556688,2.1985088323187054,0.11210338579240087
