expected_return,volatility,sharpe_ratio,variance
0.7153145286056163,0.32509742423583804,2.2003082008016768,0.10568833524477644
